Component_ID,RA,DEC,ASKAP_flux,ASKAP_flux_SNR,RA_comp,DEC_comp,Comp_flux,Flux_Ratio_AlphaCorr,Flux_Ratio_NOAlphaCorr
SB64419_component_8a,187.809358,-53.410322,300.47100830078125,3664.280517578125,187.8090356955951,-53.41024728035569,191.11695531751516,1.0139448365791566,1.5721839425580477
SB64419_component_14a,180.303779,-48.954051,250.32000732421875,4037.41943359375,180.3038353746081,-48.95399682413152,131.69039061561097,1.2258926710213354,1.9008221188657108
SB64419_component_19a,185.662793,-52.769032,232.2989959716797,4223.6181640625,185.66260215252544,-52.76911830673947,157.31419331882958,0.9523364275750461,1.4766563084417816
SB64419_component_33a,187.925132,-49.818057,144.72900390625,1955.79736328125,187.92495219547763,-49.8180463709884,79.89570991335705,1.1682696237215926,1.8114740336271054
SB64419_component_48a,179.660663,-49.644019,106.4469985961914,2419.25,179.6606290167008,-49.64393148666415,93.26255365405363,0.7361004602498069,1.1413691178888785
SB64419_component_58a,182.008629,-52.797058,103.73899841308594,573.1436767578125,182.00838945437465,-52.7970275349229,74.00904918998575,0.9039995150345989,1.4017069473056138
SB64419_component_60a,188.331831,-50.174902,90.57599639892578,1415.2498779296875,188.33151740290185,-50.174908942036616,57.84644439963564,1.009828032112754,1.5658005835791058
SB64419_component_81a,179.800553,-49.193287,66.64399719238281,1448.7825927734375,179.80060160872887,-49.19313658054569,38.41706464335384,1.1187880802385968,1.7347498516889484
SB64419_component_85a,188.354676,-51.53505,64.45800018310547,1401.2608642578125,188.3546189499655,-51.534953965608196,43.981179561267304,0.9451939348414669,1.4655814333790944
SB64419_component_92a,187.281401,-53.413347,62.02399826049805,1590.35888671875,187.28104682189127,-53.41333816780455,32.91565541728068,1.2152572571460682,1.8843312543591497
SB64419_component_96a,181.887478,-53.288363,58.645999908447266,644.4615478515625,181.88737022296468,-53.28836687476798,40.215910686034654,0.9404841034790752,1.4582785496590192
SB64419_component_99a,184.699714,-48.823155,56.737998962402344,1383.8536376953125,184.6998889901031,-48.823087199544595,60.20389604505871,0.6077995713909975,0.9424306845513392
SB64419_component_106a,188.146733,-49.853216,53.87099838256836,748.2083129882812,188.14643315089097,-49.85322704960843,34.24846110594022,1.0144366564566125,1.5729465395811524
SB64419_component_108a,181.936293,-52.514583,53.2239990234375,719.2432250976562,181.9362099165653,-52.51467373919794,64.07063604368538,0.5357466187424441,0.8307081419817293
SB64419_component_109a,180.279049,-51.937362,55.11000061035156,1281.6279296875,180.2790659617857,-51.937255563982234,25.489509262369506,1.3943760452966494,2.1620659716549024
SB64419_component_122a,186.658002,-49.679729,48.34199905395508,1421.8233642578125,186.65799320943574,-49.67968281076301,27.834360366047495,1.1200936406024198,1.7367742034741676
SB64419_component_135a,186.278922,-52.549413,40.340999603271484,1186.4998779296875,186.27874997792063,-52.549440682659394,28.18739563857795,0.9230020714228362,1.4311715818136748
SB64419_component_140a,181.352337,-53.045825,39.20000076293945,568.115966796875,181.35226877376823,-53.0458523771928,25.4187997674979,0.9945852335923228,1.5421656852997077
SB64419_component_142a,181.219261,-52.334628,38.736000061035156,790.5306396484375,181.21910751059048,-52.33466223638202,27.39687187032221,0.9118528625361002,1.4138840464847415
SB64419_component_143a,187.652897,-52.548831,39.96500015258789,1141.857177734375,187.6527038428969,-52.54889154425361,19.434332957499116,1.3262370358033622,2.0564122391021717
SB64419_component_149a,183.35853,-52.831081,36.32699966430664,585.9193725585938,183.3583775293431,-52.831080770677275,23.997055606053163,0.9762983238268667,1.5138107049742926
SB64419_component_158a,182.985125,-52.098605,35.52799987792969,150.54237365722656,182.98502368087625,-52.098630377678624,21.386388681948826,1.0713818251907794,1.6612435323368588
SB64419_component_159a,187.445322,-52.722292,34.314998626708984,730.1063842773438,187.44511276637488,-52.722348207783575,21.011351757595325,1.053273030438117,1.6331647303132018
SB64419_component_161a,187.803972,-48.623967,34.43199920654297,732.5957641601562,187.80404824020326,-48.623814662561756,18.782567279638826,1.1822743245550167,1.833189185158349
SB64419_component_162a,186.886481,-49.659454,34.89699935913086,943.162109375,186.8864485025257,-49.659546417094326,19.290575957778525,1.166685667211383,1.8090180114637462
SB64419_component_170a,186.496301,-49.710251,32.72600173950195,1022.6875,186.49622593595302,-49.71016861167676,23.56119344207262,0.8957908784367299,1.3889789504916998
SB64419_component_182a,180.099833,-48.88898,32.50899887084961,903.0277709960938,180.0998852437984,-48.88889765273878,19.690498935379217,1.0647750012480597,1.6509992447392254
SB64419_component_234a,181.809726,-52.517315,24.37700080871582,286.7882385253906,181.80964264722655,-52.517362542295515,14.912254388463886,1.0542605110801198,1.6346958798914977
SB64419_component_243a,180.308186,-51.599703,23.209999084472656,748.7096557617188,180.30824480126762,-51.599622123024204,13.371474235750513,1.1194554192871287,1.7357846020012861
SB64419_component_245a,182.569795,-52.805938,22.222999572753906,80.22743225097656,182.56968198524092,-52.80596660123242,22.182666290258833,0.6461002420016668,1.0018182341999522
SB64419_component_247a,186.149494,-52.088031,22.60700035095215,729.2581176757812,186.14940959660262,-52.087979085140695,17.745328945510703,0.8216178357838511,1.2739690777426458
SB64419_component_266a,184.89683,-48.784452,20.732999801635742,647.9061889648438,184.8969693212157,-48.784456302404884,14.922633408462312,0.8960405108989454,1.38936602100528
SB64419_component_279a,183.991574,-52.418827,19.89900016784668,621.84375,183.99137990454497,-52.418760092426076,13.903234294933306,0.9230524637894909,1.4312497182830606
SB64419_component_289a,179.719179,-53.085451,18.840999603271484,471.0249938964844,179.71909635271942,-53.08553205556056,12.697434694137415,0.9569713241362391,1.4838430011355475
SB64419_component_294a,187.045523,-52.617053,18.844999313354492,571.0606079101562,187.04537167617886,-52.61705264277351,20.08524412272418,0.6051039430537156,0.9382509467252882
SB64419_component_300a,179.397666,-52.897157,18.577999114990234,476.35894775390625,179.3975477809384,-52.89724426054117,13.997628093546107,0.8559639201227998,1.3272247977181222
SB64419_component_313a,187.414554,-48.974947,17.680999755859375,477.8648376464844,187.41482257074918,-48.97485141408252,11.618049863516399,0.9814870046330931,1.5218560742609795
SB64419_component_315a,183.146892,-51.817843,17.5939998626709,628.3571166992188,183.14689524027344,-51.81776381163087,13.650852378009827,0.831219620035762,1.288857235831888
SB64419_component_320a,182.144267,-50.559418,18.534000396728516,639.1034545898438,182.14376185355582,-50.55922728739767,10.166364346752461,1.1757485979603726,1.823070643995659
SB64419_component_328a,183.025753,-52.505302,18.7450008392334,60.86039352416992,183.02561635482562,-52.50531389674384,11.68972086990684,1.0341708560213596,1.6035456319140309
SB64419_component_331a,186.028444,-49.329863,16.898000717163086,545.0968017578125,186.0286398780729,-49.32978876425298,9.865455592630296,1.1046613263049372,1.71284544930558
SB64419_component_365a,184.426257,-50.857246,15.53600025177002,554.8571166992188,184.42619166757567,-50.85708108439297,8.977437962299899,1.1160863035960178,1.730560580536711
SB64419_component_366a,186.790922,-52.281034,15.270999908447266,462.757568359375,186.79067388050294,-52.28096015112985,10.40022369971174,0.9469690072754978,1.4683337925578013
SB64419_component_376a,182.781459,-52.736752,15.496000289916992,65.9404296875,182.78142236572506,-52.73673094160823,12.895517931449449,0.7749823252025209,1.20165784517468
SB64419_component_381a,180.928056,-52.932838,14.607000350952148,417.3428649902344,180.9280023396921,-52.93289926292355,9.09408127013562,1.0358889021521147,1.6062095682958764
SB64419_component_384a,188.056931,-49.911637,15.079000473022461,259.9827880859375,188.05676447102942,-49.91160814456647,12.623023610078286,0.770406843499315,1.1945632788790246
SB64419_component_386a,181.895988,-51.497592,14.96500015258789,164.4505615234375,181.89610524719467,-51.49743185502518,9.965676348863214,0.9684582844665356,1.5016542408880207
SB64419_component_407a,186.675686,-50.656735,14.220999717712402,507.892822265625,186.67576159355343,-50.656656141116095,10.04534024196569,0.9130119214723816,1.415681238779983
SB64419_component_409a,182.602842,-49.866193,13.984999656677246,466.1666564941406,182.6025965469497,-49.86624070835369,16.996110861390584,0.5306691933107085,0.8228352810081062
SB64419_component_413a,181.17327,-52.771192,13.690999984741211,370.0270080566406,181.17314467174205,-52.77125393576398,13.292135499180212,0.664280313292243,1.030007554887294
SB64419_component_414a,183.708479,-52.728852,13.819999694824219,329.047607421875,183.70826454358178,-52.72878793355208,8.459714333459232,1.053569784680732,1.6336248660506638
SB64419_component_418a,186.928954,-49.641592,13.604999542236328,348.84613037109375,186.92903313470248,-49.641590543785405,10.097337920484193,0.8689656563691442,1.3473847908601966
SB64419_component_439a,183.226076,-51.21501,12.690999984741211,409.3871154785156,183.2259892781915,-51.21498417612204,7.104840577017337,1.1519999966831609,1.7862469744632867
SB64419_component_445a,182.585096,-48.723083,12.211999893188477,330.0540466308594,182.5849432072796,-48.72295203913458,7.580573266153636,1.038952551367321,1.610959945168476
SB64419_component_458a,182.104658,-52.72465,11.314000129699707,179.58729553222656,182.10458978129148,-52.72466398578719,8.999376472891404,0.8108018498982293,1.2571982252082226
SB64419_component_462a,186.008061,-50.563885,11.699000358581543,403.413818359375,186.00792207238356,-50.56383486827501,7.861880411818829,0.9596951334004398,1.4880664352251327
SB64419_component_487a,188.320884,-52.00872,10.79800033569336,348.3226013183594,188.3207923701189,-52.008583272379084,4.765872060229608,1.4612076213782108,2.265692448146235
SB64419_component_496a,186.683953,-51.746578,10.89900016784668,302.7500305175781,186.68371903306388,-51.746532364118515,5.874178214218597,1.1966041718868095,1.8554084963689685
SB64419_component_505a,188.185539,-50.450009,10.49899959564209,276.2894592285156,188.185413770048,-50.45001553206375,6.232570579368941,1.086404824022325,1.6845376176558489
SB64419_component_508a,187.592191,-50.363117,11.29699993133545,342.3333435058594,187.59208258788016,-50.36323217982315,7.732583101902882,0.9422138887862613,1.460960688357221
SB64419_component_520a,181.161402,-53.291669,9.883000373840332,260.0789794921875,181.16117095763747,-53.29175154168071,6.327474027302814,1.0073245355931617,1.561918757974439
SB64419_component_549a,181.830905,-50.897936,9.449000358581543,277.9117736816406,181.83084042170677,-50.89788407776625,7.4477262863988845,0.818225725275044,1.2687094013964244
SB64419_component_570a,187.63853,-49.317932,9.092000007629395,259.77142333984375,187.63863726868072,-49.31765630217178,5.575816128513262,1.0516275506881851,1.6306133125759457
SB64419_component_581a,181.44696,-51.858362,8.402000427246094,254.6060791015625,181.4468458209054,-51.85823186907222,5.557245661863665,0.9750661399508598,1.511900127954469
SB64419_component_611a,183.083546,-52.835415,8.081999778747559,95.08235168457031,183.08330603269107,-52.83544278484071,4.062272468219235,1.2831007429452777,1.9895267592157446
SB64419_component_613a,181.049141,-50.495166,8.07800006866455,278.5517272949219,181.04912385202675,-50.49508038191935,4.434368929463039,1.1748515699559374,1.8216797468050818
SB64419_component_614a,184.944163,-50.824329,8.04800033569336,259.6129150390625,184.94405729014093,-50.82420808254057,6.701306310484312,0.7745322183318938,1.2009599267387794
SB64419_component_618a,182.224759,-49.947386,8.347999572753906,278.26666259765625,182.2244649700465,-49.94736867939458,6.009123086314507,0.8959469388087079,1.3892209317139932
SB64419_component_625a,183.404489,-49.39793,8.255999565124512,284.68963623046875,183.4044068516911,-49.39789009432365,4.72575843474195,1.126702128845279,1.7470210716717116
SB64419_component_626a,182.000673,-48.940147,7.986999988555908,257.6451721191406,182.00049888525695,-48.940024273269934,4.870091245125683,1.0576879518000306,1.6400103379068798
SB64419_component_630a,181.44785,-52.322953,8.619000434875488,19.026491165161133,181.44769782659273,-52.32309749024482,4.6530724643758035,1.19461526027699,1.8523245663726629
SB64419_component_642a,183.582188,-51.524209,8.206999778747559,303.96295166015625,183.58249609642058,-51.524080493128714,4.473795375275263,1.1830940688168126,1.8344602491441842
SB64419_component_649a,187.46131,-49.52808,7.489999771118164,202.4324188232422,187.46144309475983,-49.528055691496114,5.093056801551968,0.9484495969081568,1.4706295380086463
SB64419_component_663a,187.909506,-51.118872,7.420000076293945,231.87498474121094,187.90949592638978,-51.11881660292933,8.596098357860777,0.5566901093009691,0.863182314510008
SB64419_component_667a,188.105293,-52.240687,7.2230000495910645,233.0,188.10507604440008,-52.24062842731512,7.194491443552404,0.6474831771018865,1.00396256028134
SB64419_component_677a,183.611698,-52.187007,6.735000133514404,204.09091186523438,183.6116148665557,-52.18699306512428,4.432469337016779,0.9799475701781706,1.5194690862875357
SB64419_component_693a,180.882118,-50.177702,7.013000011444092,233.7666778564453,180.88207251266192,-50.17770325935251,4.94953430858526,0.9137985661436492,1.4169009798112981
SB64419_component_699a,181.96343,-51.433257,6.954999923706055,105.3787841796875,181.96348792355022,-51.433165438573134,3.529185882345644,1.27096493233437,1.970709437124766
SB64419_component_709a,184.142206,-48.618582,6.822000026702881,189.50001525878906,184.14241097634417,-48.618386952908885,3.0634933603909635,1.4361696509583326,2.2268695323146566
SB64419_component_719a,188.252306,-48.798336,6.5920000076293945,169.025634765625,188.25247598838598,-48.79827541090953,7.279972389481143,0.5839806251269368,0.9054979407826048
SB64419_component_730a,180.06918,-52.812891,6.439000129699707,201.21875,180.06917058656376,-52.81295976672433,4.9921199529766405,0.8318487977126343,1.2898328145861837
SB64419_component_740a,188.5472,-51.222748,6.390999794006348,163.8717803955078,188.54724415851052,-51.22266698508981,3.905323789151497,1.0554137023080472,1.6364839739434023
SB64419_component_744a,188.155047,-51.09773,6.28000020980835,174.4444580078125,188.15499677456143,-51.09765566174215,6.438918792614773,0.6290101914056576,0.9753190577603342
SB64419_component_755a,185.298063,-51.346411,6.190999984741211,213.48275756835938,185.29787596602236,-51.34637715032454,3.272160636772906,1.220217245647208,1.8920220221360966
SB64419_component_763a,187.654989,-48.843589,6.065999984741211,178.41175842285156,187.65520299758896,-48.84352030109969,3.4800506615396145,1.1241591771015988,1.7430780683110925
SB64419_component_764a,184.934175,-53.539295,6.357999801635742,151.38095092773438,184.93383818384916,-53.53917135220298,3.6654082130861125,1.1186883954934999,1.7345952843496757
SB64419_component_765a,182.840169,-49.179189,6.144999980926514,211.8965606689453,182.84003912348908,-49.178831421924365,3.8265999466496834,1.0356661846373816,1.6058642310667117
SB64419_component_773a,179.925383,-50.210782,6.296999931335449,170.18917846679688,179.92528027631533,-50.21061858206335,3.5012823500846246,1.1598919269988626,1.798483898673083
SB64419_component_779a,184.878858,-50.363077,5.85099983215332,201.7586212158203,184.87868174507375,-50.363071135933964,3.7934653546283705,0.9947293569547759,1.5423891574532431
SB64419_component_785a,180.633852,-49.236348,5.718999862670898,178.71873474121094,180.63404223219604,-49.236320800497204,5.394805064662017,0.6836838186839065,1.060093885529336
SB64419_component_797a,182.573687,-53.148061,6.019999980926514,43.0,182.57368184346157,-53.14813770282012,3.0803217801946547,1.2604086496005422,1.9543412703286123
SB64419_component_806a,185.345928,-48.791428,5.574999809265137,179.8386993408203,185.346265821811,-48.7913661825559,4.375866080191285,0.8216593586554054,1.274033461513391
SB64419_component_810a,181.558803,-53.259947,6.244999885559082,84.39189147949219,181.5587314860711,-53.26010679975484,2.1431555847202746,1.8792722727859619,2.913927448890362
SB64419_component_815a,183.443402,-49.0749,5.5970001220703125,174.90625,183.44332953359583,-49.074699136889365,3.712264161083251,0.9723607398595305,1.5077052384216885
SB64419_component_816a,180.276268,-51.391776,5.4720001220703125,202.6666717529297,180.27640874613886,-51.39166714219091,3.8053895064499494,0.9273804872466722,1.4379605853213027
SB64419_component_825a,183.350647,-51.661088,5.651000022888184,171.242431640625,183.35057487713382,-51.6608995798523,4.648007155523735,0.7840964592764742,1.215789871616803
SB64419_component_836a,184.268205,-52.101241,5.364999771118164,191.6071319580078,184.26802415958514,-52.101085599089416,3.140214470968183,1.1018471909358105,1.7084819590249327
SB64419_component_851a,183.116612,-52.951705,5.436999797821045,151.0277862548828,183.11629353524103,-52.95176506883967,2.842101219382522,1.2337601754591419,1.9130211692468482
SB64419_component_869a,186.696209,-53.335494,5.1479997634887695,139.1351318359375,186.69589762208088,-53.33561682929615,2.2777005896718774,1.4576486531992472,2.260174048701627
SB64419_component_870a,184.83257,-50.290227,5.303999900817871,189.42855834960938,184.8323768728933,-50.29002094768005,3.2429768150000418,1.0548012484181117,1.6355343264511752
SB64419_component_889a,179.463048,-51.313724,5.49399995803833,116.89362335205078,179.46326745316563,-51.31355453861807,3.686938179783263,0.9610229690780393,1.4901253262568388
SB64419_component_896a,186.221714,-51.167444,4.815000057220459,160.5,186.22167454725533,-51.167332609521715,3.7025769617357724,0.8386933002261632,1.3004456374522413
SB64419_component_899a,185.736212,-52.813482,4.926000118255615,149.27273559570312,185.73614099525508,-52.81366649195272,3.6935211846753813,0.860131385984231,1.3336867103115195
SB64419_component_903a,181.402312,-50.760844,4.8979997634887695,153.06248474121094,181.4020912859466,-50.760765025331786,2.327549053569426,1.3571594931338005,2.104359414456771
SB64419_component_904a,187.295275,-50.781503,4.800000190734863,145.45455932617188,187.29522019409964,-50.78154485262864,3.431445546837425,0.9021424414417283,1.398827440277687
SB64419_component_906a,186.381809,-53.306391,4.929999828338623,149.39393615722656,186.38139613859846,-53.30629707781711,2.1224261616330407,1.498046469972529,2.3228133526894403
SB64419_component_912a,180.976678,-52.88045,4.6020002365112305,127.83334350585938,180.97657931691356,-52.88050850601103,2.95021782343301,1.0060128448685761,1.5598849006871398
SB64419_component_917a,184.552675,-53.368369,4.748000144958496,135.6571502685547,184.55230706180126,-53.368379265615985,2.027257645412618,1.5104722405915252,2.342080275638626
SB64419_component_918a,182.547993,-52.843911,4.571000099182129,16.442445755004883,182.54794809297474,-52.84389913949642,2.3636057628045486,1.2472317623219908,1.9339096947193026
SB64419_component_924a,185.290956,-48.874705,4.565999984741211,130.45713806152344,185.2909918037363,-48.874798736906286,5.069876216565513,0.5808306442446198,0.9006137013408894
SB64419_component_930a,186.551472,-48.739989,4.492000102996826,118.21053314208984,186.55218548059233,-48.739928399745615,2.424817944765735,1.194735014353821,1.852510252447346
SB64419_component_932a,186.359889,-51.464995,4.553999900817871,146.90322875976562,186.3600634590894,-51.46475251381447,3.258953813644985,0.9012095450190281,1.3973809268945847
SB64419_component_933a,182.835756,-53.160772,4.758999824523926,83.49122619628906,182.83547186337225,-53.16081374319186,3.354963761212552,0.9148266906747391,1.4184951502438663
SB64419_component_935a,179.461756,-52.75802,4.754000186920166,115.95121765136719,179.46166480491473,-52.758139201956794,3.175506245613747,0.9655109307044417,1.4970841872809275
SB64419_component_936a,180.857688,-49.557752,4.664999961853027,155.5,180.85775257137342,-49.557808911919224,2.1226037041665045,1.4174041447703225,2.1977724587477154
SB64419_component_949a,182.693846,-50.276897,4.7170000076293945,181.42308044433594,182.69316412804002,-50.27696275198953,2.509194605121383,1.2123904408039499,1.8798860789839806
SB64419_component_959a,185.556596,-50.20548,4.4120001792907715,152.137939453125,185.55618553432606,-50.205409168115494,2.671754253944318,1.0650009214147076,1.6513495478775129
SB64419_component_962a,186.206855,-53.523443,4.453000068664551,117.18421936035156,186.2065883806543,-53.52338127749589,2.848051267369465,1.0083606063966495,1.5635252495919634
SB64419_component_964a,187.545274,-49.758857,4.51800012588501,112.95000457763672,187.54546798649486,-49.75889335221412,2.5587337370031342,1.1387597672220422,1.7657171828971259
SB64419_component_979a,180.017277,-53.175715,4.416999816894531,105.16666412353516,180.01723681805726,-53.175866999816655,2.439623546153337,1.1676576704137027,1.8105251623181828
SB64419_component_985a,180.792538,-53.2813,4.436999797821045,130.49998474121094,180.79228176353942,-53.28127826922351,3.3535773649627965,0.8532809519871474,1.3230646903147463
SB64419_component_997a,188.019333,-51.597545,4.254000186920166,146.68966674804688,188.01926046245384,-51.59737946802535,2.4444349167702897,1.1223543591028258,1.740279586801503
SB64419_component_998a,180.554159,-48.855165,4.443999767303467,126.97142028808594,180.55429090386536,-48.85528948385745,2.591146415660338,1.1060965690022182,1.7150708815391047
SB64419_component_1002a,188.02327,-48.596057,4.25,472.22222900390625,188.02309564714074,-48.5958346236078,2.718992929034027,1.0080726301682008,1.5630787247063167
SB64419_component_1003a,186.403866,-51.736071,4.324999809265137,135.15623474121094,186.40389896501023,-51.73605416980612,2.9655176579592704,0.940581754361013,1.4584299633681486
SB64419_component_1007a,181.103291,-51.164643,4.151000022888184,153.74073791503906,181.10348023483235,-51.16451997816632,3.00010120046831,0.8923347432679812,1.383619999965408
SB64419_component_1010a,184.435904,-50.177044,4.208000183105469,145.10345458984375,184.43547941102779,-50.176996652256264,3.836062826687413,0.7074585673785333,1.0969580982434635
SB64419_component_1011a,187.804261,-52.070738,4.109000205993652,124.5151596069336,187.80385511573928,-52.070563487626714,3.1267568114407087,0.8475259998359341,1.314141282417278
SB64419_component_1013a,179.437662,-49.695638,4.248000144958496,249.88235473632812,179.43755236151299,-49.69550650061231,2.045361414168465,1.339446697617734,2.0768946336486485
SB64419_component_1015a,179.236698,-52.832469,4.145999908447266,103.6500015258789,179.23659748490843,-52.832540395806305,6.871674761008052,0.38911472321147744,0.6033463533479372
SB64419_component_1017a,181.48702,-51.91577,4.692999839782715,27.284881591796875,181.48706535653403,-51.91587955136825,3.1243433194762384,0.9687300251378876,1.5020755915420474
SB64419_component_1019a,186.886199,-51.882235,4.007999897003174,117.8823471069336,186.88616374276305,-51.88208002502925,3.658961588175797,0.7064490135857798,1.095392722884908
SB64419_component_1043a,185.360927,-51.492316,3.9230000972747803,126.54839324951172,185.3611113233089,-51.492383875984636,2.7533795980908797,0.9188893128148432,1.4247944961874797
SB64419_component_1046a,182.35682,-50.608331,4.315999984741211,148.8275909423828,182.35671203227287,-50.60817468037464,2.738622591772807,1.016389616565003,1.5759747245593676
SB64419_component_1072a,188.440418,-49.897409,3.8340001106262207,73.73076629638672,188.43985711012326,-49.89736508714561,2.4807211385055203,0.9967474777881031,1.5455183781503012
SB64419_component_1074a,187.484831,-49.309189,3.700000047683716,108.82352447509766,187.48523500037905,-49.309146370166985,4.286157272170655,0.5567299671241738,0.8632441165206965
SB64419_component_1078a,182.173894,-52.918096,3.7260000705718994,51.04109573364258,182.1739728756128,-52.918064862736514,3.3762204028928764,0.7117427309702309,1.103600957857881
SB64419_component_1080a,183.989395,-50.230753,3.7820000648498535,135.07142639160156,183.98905644121095,-50.23056259699927,2.814862886057261,0.8665133511855992,1.3435823405761862
SB64419_component_1106a,182.048355,-52.252448,3.744999885559082,68.09090423583984,182.04843786410407,-52.25244815540184,2.681805095159302,0.9006075197600021,1.3964474496371353
SB64419_component_1136a,179.599445,-52.641018,3.49399995803833,94.43242645263672,179.5993066924587,-52.64115858350469,2.156336959580185,1.0450022855709744,1.6203404308010252
SB64419_component_1139a,188.48363,-49.07139,3.611999988555908,95.0526351928711,188.48342302493737,-49.0712680576198,2.185517044520463,1.0658706757866052,1.6526981556203961
SB64419_component_1143a,181.65075,-52.195903,3.4860000610351562,25.822221755981445,181.65078050220012,-52.19582291635095,2.9992714698306173,0.7495879313900331,1.1622822729121038
SB64419_component_1166a,182.765873,-48.72193,3.4019999504089355,97.19999694824219,182.7658955317542,-48.7216300707013,2.3918620183402584,0.9172952658318492,1.4223228281243514
SB64419_component_1167a,188.016079,-52.627752,3.2920000553131104,91.44445037841797,188.0158162144455,-52.62780748597606,3.5130645767826154,0.6043446369451417,0.9370735958198743
SB64419_component_1180a,187.160958,-51.006379,3.4100000858306885,117.58621215820312,187.16088863143077,-51.00626210746034,2.424874344654186,0.9069349176927637,1.4062584699897067
SB64419_component_1189a,183.169428,-52.954109,3.3369998931884766,47.67142868041992,183.16930550901805,-52.95416832028046,1.8215123722049649,1.181503572013569,1.8319940858535009
SB64419_component_1193a,180.239245,-51.432542,3.183000087738037,117.88888549804688,180.23938318228124,-51.4324832904129,3.499309606783794,0.5866313296153134,0.9096080214129791
SB64419_component_1199a,185.079477,-49.248197,3.3420000076293945,104.43749237060547,185.07982772951692,-49.24818113675185,2.536167697412797,0.8498444674201566,1.317736209257237
SB64419_component_1200a,187.326263,-52.612869,3.4579999446868896,98.79999542236328,187.32602309058547,-52.61289275731844,1.9229588128680781,1.1597542462354251,1.7982704161662775
SB64419_component_1206a,188.254206,-52.758916,3.255000114440918,83.46154022216797,188.2537719771455,-52.75875872474122,1.6771307458029474,1.251685032870783,1.940814765090092
SB64419_component_1218a,182.710077,-52.022576,3.2669999599456787,17.564516067504883,182.71000513672251,-52.02277644410288,2.1369923071397263,0.9859551096005295,1.528784146311888
SB64419_component_1228a,186.079703,-53.169422,3.1429998874664307,98.21874237060547,186.0794295693812,-53.169613337056845,2.3621075925272526,0.858135090930131,1.3305913318299318
SB64419_component_1254a,187.939933,-51.14637,3.0280001163482666,94.625,187.93993592978563,-51.14632721958871,5.4179328269927485,0.3604402173719594,0.5588847652858357
SB64419_component_1275a,183.628059,-48.650573,2.934999942779541,83.85713958740234,183.62821833588535,-48.65049294670115,2.1416155207838212,0.8838479585111602,1.370460717293151
SB64419_component_1277a,180.293647,-51.733234,3.075000047683716,102.50000762939453,180.29383241307295,-51.733187970659834,1.859457479052728,1.06652206985926,1.6537081822651987
SB64419_component_1322a,182.798814,-51.547864,2.9779999256134033,72.63414001464844,182.7989235504106,-51.547840227999195,1.475415994723536,1.301730758713675,2.0184137465389362
SB64419_component_1330a,188.612415,-50.398343,2.868000030517578,65.18181610107422,188.61202215476305,-50.39835098448516,2.1543242263278244,0.8585766199438797,1.3312759497702242
SB64419_component_1331a,188.380731,-52.142169,3.00600004196167,77.07691955566406,188.38027144816058,-52.142051385018945,2.1349105685591434,0.9080719628110941,1.4080215285038507
SB64419_component_1338a,187.254564,-50.790063,2.8329999446868896,97.68965911865234,187.25477963048695,-50.789839552576936,1.93673720541019,0.9433803851166325,1.4627694127902482
SB64419_component_1339a,183.046991,-50.326595,2.86899995803833,95.63333129882812,183.04668482102517,-50.326400455480965,1.908458916206092,0.9695242992449292,1.503307162483612
SB64419_component_1357a,180.129317,-53.317351,2.9760000705718994,78.3157958984375,180.1285355718601,-53.317126447518454,1.7493437078378355,1.0971569577167946,1.7012094634336863
SB64419_component_1371a,187.290162,-50.106281,2.819000005722046,90.93548583984375,187.29001274776957,-50.10619127337471,2.346124686407122,0.7749165907636281,1.2015559198769994
SB64419_component_1441a,183.870933,-50.379278,2.6519999504089355,101.99999237060547,183.87089313512934,-50.37910829861078,2.301418494769724,0.7431712226235727,1.1523327706090631
SB64419_component_1453a,188.266967,-51.502203,2.4519999027252197,59.804874420166016,188.26676924861349,-51.50222668360257,1.9667965137314183,0.8040295130795199,1.246697299698417
SB64419_component_1459a,187.748508,-49.302701,2.4719998836517334,72.70587158203125,187.74864869223376,-49.30234276092503,2.241417442595965,0.7112735686422207,1.10287349276122
SB64419_component_1491a,184.958939,-49.971761,2.5889999866485596,92.46427917480469,184.95895736793562,-49.97182914442051,1.9302640104303437,0.8650203139491344,1.3412672943486905
SB64419_component_1496a,181.763431,-50.216638,2.484999895095825,82.83332824707031,181.76287902016233,-50.216551741367475,1.8913016638603033,0.8473767459628369,1.3139098550908768
SB64419_component_1511a,182.512309,-53.445579,2.3399999141693115,55.71428298950195,182.5121276967931,-53.445410913399016,2.139105297724178,0.7054961528268113,1.0939152535683343
SB64419_component_1548a,185.469966,-53.103292,2.371000051498413,65.86111450195312,185.46977593103716,-53.103451422419084,3.106798020484874,0.49218629357627186,0.7631651738751829
SB64419_component_1577a,181.218967,-53.103958,1.9819999933242798,46.093021392822266,181.21907231365262,-53.10383069663677,1.7804897305791962,0.717918504013377,1.1131768744768509
SB64419_component_1582a,180.480283,-50.425637,2.3550000190734863,78.5,180.48002043009842,-50.42566092465013,2.263427135665763,0.671019851245672,1.040457623735605
SB64419_component_1611a,180.55919,-48.977409,2.194000005722046,64.52941131591797,180.55941561767332,-48.977460298829364,2.0066467010474636,0.705142158262524,1.0933663631853003
SB64419_component_1613a,184.128875,-52.732204,2.2769999504089355,87.57691955566406,184.128730897571,-52.73207186786137,2.0383314954010214,0.7204422563895079,1.1170901080351303
SB64419_component_1717a,184.946143,-49.033716,2.0769999027252197,57.69444274902344,184.94628798052682,-49.03344527648696,2.2262417781425845,0.6016932220495644,0.9329624136593638
SB64419_component_1773a,182.112647,-52.458945,1.7519999742507935,33.69230651855469,182.11246052254685,-52.45900224657425,8.325925717308003,0.13571021397055014,0.21042704844324056
SB64419_component_1876a,188.691107,-52.223034,1.8580000400543213,42.227272033691406,188.69070982134684,-52.22290196645328,1.8547014161028181,0.6460746293527502,1.0017785202097027
SB64419_component_1898a,183.797984,-51.499421,1.7239999771118164,57.46666717529297,183.79768127952744,-51.499254158184364,2.0249163012562157,0.5490869862633215,0.8513932037794761
SB64419_component_1899a,182.021793,-50.661449,1.7960000038146973,61.93103790283203,182.02166327838245,-50.66137007333335,4.408099016430861,0.26276406004051955,0.407431865101088
SB64419_component_1910a,183.795232,-50.939514,1.8140000104904175,64.78571319580078,183.7950123532084,-50.939247312611,2.1178806507515344,0.5523912291914511,0.856516636027963
SB64419_component_1919a,180.207239,-51.778318,1.7699999809265137,57.09677505493164,180.20699312799903,-51.77822311822994,2.3082385702515467,0.4945424085023461,0.7668184752382953
SB64419_component_2035a,179.593931,-51.631766,1.86899995803833,46.724998474121094,179.59382834313152,-51.631859845548824,1.6255488501077373,0.7415155076591781,1.1497654825411476
SB64419_component_2041a,180.797707,-52.917104,1.5119999647140503,44.470584869384766,180.79802757769457,-52.91719814409339,2.675043622614623,0.364528832049758,0.5652244142606547
SB64419_component_2313a,183.360539,-51.786456,1.1619999408721924,32.27777862548828,183.36048838718017,-51.78635923667704,2.299977953289732,0.32583175268688314,0.5052222084173227
SB64419_component_2390a,182.172954,-52.879516,1.2200000286102295,20.33333396911621,182.17285977634447,-52.879407510580585,1.9391711253100006,0.40574640139042184,0.6291347951126269
SB64419_component_2408a,185.952648,-51.675241,1.3329999446868896,47.607139587402344,185.9527399894048,-51.67529569532677,1.775329769941015,0.4842415682006579,0.7508463876720651
SB64419_component_2598a,185.300295,-48.571059,2.7160000801086426,208.92308044433594,185.3005995559297,-48.570885368374235,2.2178899564368564,0.7897702238533719,1.224587393177984
SB64419_component_2622a,180.808631,-50.830902,1.2259999513626099,39.54838562011719,180.80862666124227,-50.83080041718958,2.9471694843520164,0.268284951316544,0.4159923471900925
SB64419_component_2865a,181.710297,-49.683368,1.0670000314712524,38.10714340209961,181.71025188354642,-49.683314030069155,2.159698523670545,0.3186267783934416,0.49405045184631513
