Component_ID,RA,DEC,ASKAP_flux,ASKAP_flux_SNR,RA_comp,DEC_comp,Comp_flux,Flux_Ratio_AlphaCorr,Flux_Ratio_NOAlphaCorr
SB87471_component_5a,144.621108,-62.778894,730.5549926757812,2809.826904296875,144.6208333333333,-62.77852777777777,803.5,0.9949436759566402,0.9092159211895224
SB87471_component_6a,142.864704,-62.493228,596.7420043945312,4736.04736328125,142.86424999999997,-62.493111111111105,688.6,0.9483115808789471,0.8666018071369899
SB87471_component_33a,146.14367,-60.780041,146.27200317382812,1950.2933349609375,146.14312499999997,-60.78002777777777,164.0,0.9759977689033494,0.8919024583770008
SB87471_component_63a,144.40273,-59.591271,79.0999984741211,2471.874755859375,144.401875,-59.59138888888888,64.2,1.3482577052672464,1.2320872036467458
SB87471_component_90a,148.116017,-62.062905,60.28200149536133,1826.727294921875,148.1163333333333,-62.06313888888888,30.5,2.1628145769332314,1.976459065421683
SB87471_component_93a,138.751135,-60.195341,61.72200012207031,1505.41455078125,138.75008333333332,-60.19541666666666,50.8,1.3295593934349348,1.215000002402959
SB87471_component_111a,144.821249,-60.92553,49.292999267578125,1173.642822265625,144.82125,-60.92566666666666,88.3,0.6108801371789263,0.5582446123168531
SB87471_component_151a,148.459863,-57.75201,37.01300048828125,698.3585205078125,148.45891666666665,-57.75249999999999,38.6,1.0492970507063994,0.9588860230124676
SB87471_component_159a,138.906576,-59.467866,38.98899841308594,1146.7352294921875,138.9067083333333,-59.467611111111104,46.8,0.9116490622597783,0.8330982566898705
SB87471_component_168a,142.319625,-59.564411,33.74599838256836,1406.083251953125,142.31854166666665,-59.564472222222214,38.2,0.9666970256533259,0.883403099020114
SB87471_component_179a,139.752049,-58.808003,31.805999755859375,1135.928466796875,139.75108333333333,-58.80841666666666,39.2,0.8878803573393235,0.8113775447923309
SB87471_component_187a,141.568409,-62.751422,31.538000106811523,876.0556030273438,141.5675,-62.75091666666666,36.1,0.9560011447222091,0.8736288118230339
SB87471_component_191a,149.473649,-58.532922,30.472999572753906,3809.124755859375,149.47175,-58.53238888888888,37.9,0.8798476117129569,0.8040369280410002
SB87471_component_197a,143.743701,-60.517265,29.354000091552734,1048.3570556640625,143.7433333333333,-60.517111111111106,32.0,1.0038036645943083,0.917312502861023
SB87471_component_201a,142.018089,-61.687199,28.94300079345703,1071.9630126953125,142.01704166666664,-61.68727777777777,29.4,1.0772777498678405,0.9844558093012596
SB87471_component_205a,145.802074,-60.245773,32.08000183105469,605.2830810546875,145.80316666666664,-60.24663888888888,46.4,0.7565678248107953,0.6913793498072132
SB87471_component_207a,147.120059,-58.042401,27.91699981689453,821.0881958007812,147.12112499999998,-58.04261111111111,28.0,1.0910437762982053,0.9970357077462333
SB87471_component_219a,139.510782,-62.068609,26.17099952697754,902.4483032226562,139.50949999999997,-62.06827777777777,29.3,0.977426598347079,0.8932081749821685
SB87471_component_221a,143.518351,-62.682886,27.054000854492188,614.8636474609375,143.51866666666666,-62.681999999999995,27.7,1.068767390023847,0.9766787312091043
SB87471_component_226a,149.277411,-59.555372,26.547000885009766,737.416748046875,149.27662499999997,-59.55544444444444,29.2,0.9948648267767116,0.909143865924992
SB87471_component_234a,146.827471,-59.321438,25.940000534057617,836.7742309570312,146.82699999999997,-59.3213611111111,28.1,1.0101715304703534,0.9231316916034739
SB87471_component_235a,140.623756,-59.758541,25.10700035095215,929.8888549804688,140.6232083333333,-59.75838888888888,31.3,0.8777724685195195,0.8021405862924009
SB87471_component_239a,147.806771,-60.814968,24.097000122070312,803.2333374023438,147.8048333333333,-60.81474999999999,27.9,0.9451271531937289,0.8636917606476815
SB87471_component_274a,146.567248,-57.851063,20.5310001373291,540.2894897460938,146.56699999999998,-57.851611111111104,23.9,0.9400342316308693,0.8590376626497532
SB87471_component_277a,144.344214,-60.12329,23.174999237060547,926.9999389648438,144.34258333333332,-60.12391666666666,23.6,1.0745810792893207,0.9819914930957858
SB87471_component_278a,147.259855,-61.268849,21.33300018310547,761.892822265625,147.25983333333332,-61.2688611111111,24.9,0.9375275828416988,0.8567469953054405
SB87471_component_294a,139.219244,-60.823208,19.496000289916992,749.8461303710938,139.21908333333332,-60.8241111111111,19.6,1.088481156823888,0.9946938923427036
SB87471_component_306a,145.578325,-59.718253,18.177000045776367,568.03125,145.57725,-59.7183611111111,27.1,0.7339802623276774,0.6707380090692386
SB87471_component_314a,145.777967,-58.74642,17.69099998474121,520.323486328125,145.77908333333332,-58.746333333333325,19.8,0.9777293578771659,0.8934848477142026
SB87471_component_316a,149.265562,-61.707752,17.551000595092773,548.46875,149.26666666666665,-61.70777777777777,20.5,0.9368703265778129,0.8561463704923304
SB87471_component_317a,147.311573,-58.387725,18.065000534057617,564.53125,147.31099999999998,-58.38824999999999,10.8,1.8303986514983226,1.6726852346349645
SB87471_component_319a,147.200242,-61.975087,17.726999282836914,681.8076782226562,147.19975,-61.97597222222221,18.8,1.0318316420320692,0.9429254937679209
SB87471_component_333a,148.988071,-57.854459,16.437999725341797,382.279052734375,148.98829166666664,-57.85480555555555,13.1,1.3731220369355626,1.2548091393390686
SB87471_component_337a,141.788914,-60.490999,16.64900016784668,594.6071166992188,141.78629166666664,-60.48972222222221,19.5,0.9342971202144705,0.8537948804023938
SB87471_component_350a,140.469006,-57.743487,16.045000076293945,445.6944580078125,140.46775,-57.74383333333333,19.8,0.8867598007611123,0.8103535392067649
SB87471_component_356a,146.616963,-60.232492,15.531000137329102,501.0,146.61649999999997,-60.232972222222216,14.7,1.1561483206621297,1.0565306215870138
SB87471_component_365a,149.67903,-60.240682,15.866000175476074,406.82049560546875,149.6797083333333,-60.24108333333333,13.5,1.2860716066346254,1.175259272257487
SB87471_component_375a,141.045374,-62.276159,15.508000373840332,316.48980712890625,141.04445833333332,-62.27588888888888,16.0,1.0606382474101426,0.9692500233650208
SB87471_component_385a,144.92783,-62.007482,15.777999877929688,631.1199951171875,144.92604166666663,-62.006694444444435,18.7,0.923297810603991,0.8437433089801972
SB87471_component_403a,147.853737,-58.218496,14.159000396728516,488.24139404296875,147.85229166666664,-58.21955555555555,17.0,0.9114128270098221,0.832882376278148
SB87471_component_451a,145.649755,-60.868182,12.512999534606934,463.4444274902344,145.64966666666666,-60.86908333333333,12.8,1.0697515456777476,0.9775780886411667
SB87471_component_460a,141.128451,-58.234723,12.57800006866455,393.0624694824219,141.126625,-58.23533333333332,16.1,0.8549036683712394,0.7812422402897236
SB87471_component_466a,146.474845,-59.521876,12.017999649047852,429.2142639160156,146.47462499999997,-59.52208333333333,18.7,0.7032699232889968,0.6426737780239493
SB87471_component_470a,142.047146,-62.80752,12.14799976348877,449.9259033203125,142.04887499999998,-62.807666666666655,14.9,0.8921748371888503,0.8153019975495819
SB87471_component_471a,145.996627,-61.142721,12.321999549865723,373.3939208984375,145.99699999999999,-61.14241666666666,17.3,0.7794110333273372,0.7122543092407931
SB87471_component_493a,140.747053,-61.476526,11.75,419.6428527832031,140.74645833333332,-61.47588888888888,16.2,0.7936962273008955,0.7253086419753086
SB87471_component_521a,149.261225,-58.888357,11.307999610900879,305.6216125488281,149.2605833333333,-58.888166666666656,16.8,0.7365597233929623,0.6730952149345761
SB87471_component_529a,145.344325,-61.738121,10.545999526977539,390.5925598144531,145.34474999999998,-61.738583333333324,10.1,1.1426095185203409,1.0441583690076772
SB87471_component_541a,145.9544,-59.055402,10.118000030517578,361.3571472167969,145.9537083333333,-59.0563611111111,11.2,0.9885715723650821,0.903392859867641
SB87471_component_543a,141.583312,-60.846224,10.3149995803833,396.7307434082031,141.58366666666666,-60.84552777777777,15.7,0.7189538705801917,0.6570063426995734
SB87471_component_549a,142.467396,-58.462956,10.9350004196167,437.4000244140625,142.46624999999997,-58.46258333333333,10.8,1.1079662015212957,1.012500038853398
SB87471_component_631a,141.95854,-58.861696,8.574000358581543,329.76922607421875,141.95570833333332,-58.86052777777777,13.4,0.7001807440280704,0.6398507730284734
